,movie,year,imdb,metascore,votes,us_grossMillions,timeMin
0,The Trial of the Chicago 7,2020,7.9,76.0,53254,,129
1,Halloween,1978,7.8,87.0,230016,47.0,91
2,Tenet,2020,7.8,69.0,144006,53.8,150
3,The Untouchables,1987,7.9,79.0,276833,76.27,119
4,The Nightmare Before Christmas,1993,8.0,82.0,293376,75.08,76
5,The Gentlemen,2019,7.8,51.0,203197,,113
6,Harry Potter and the Sorcerer's Stone,2001,7.6,64.0,640320,317.58,152
7,V for Vendetta,2005,8.2,62.0,1019746,70.51,132
8,Goldfinger,1964,7.7,87.0,170835,51.08,110
9,Knives Out,2019,7.9,82.0,413547,165.36,130
10,The Shining,1980,8.4,66.0,883512,44.02,146
11,Parasite,2019,8.6,96.0,505189,53.37,132
12,The Hunt for Red October,1990,7.6,58.0,177776,122.01,135
13,Indiana Jones and the Last Crusade,1989,8.2,65.0,683417,197.17,127
14,Once Upon a Time... In Hollywood,2019,7.6,83.0,527318,142.5,161
15,Coco,2017,8.4,81.0,363802,209.73,105
16,The Name of the Rose,1986,7.7,54.0,100727,7.15,130
17,The Godfather,1972,9.2,100.0,1590746,134.97,175
18,1917,2019,8.3,78.0,388130,159.23,119
19,The Man Who Would Be King,1975,7.8,91.0,43887,,129
20,The Exorcist,1973,8.0,81.0,359027,232.91,122
21,Joker,2019,8.5,59.0,893130,335.45,122
22,Avengers: Endgame,2019,8.4,78.0,778442,858.37,181
23,The Silence of the Lambs,1991,8.6,85.0,1250089,130.74,118
24,Get Out,2017,7.7,85.0,481658,176.04,104
25,The Shawshank Redemption,1994,9.3,80.0,2304884,28.34,142
26,Interstellar,2014,8.6,74.0,1476075,188.02,169
27,One Flew Over the Cuckoo's Nest,1975,8.7,83.0,904930,112.0,133
28,Ghostbusters,1984,7.8,71.0,351156,238.63,105
29,Rebecca,1940,8.1,86.0,121863,4.36,130
30,Spider-Man: Into the Spider-Verse,2018,8.4,87.0,350713,190.24,117
31,Hamilton,2020,8.6,90.0,46181,,160
32,Goodfellas,1990,8.7,90.0,1003384,46.84,146
33,Back to the Future,1985,8.5,87.0,1040346,210.61,116
34,The Wolf of Wall Street,2013,8.2,75.0,1158160,116.9,180
35,Pulp Fiction,1994,8.9,94.0,1799104,107.93,154
36,Inglourious Basterds,2009,8.3,69.0,1244755,120.54,153
37,The Dark Knight,2008,9.0,84.0,2268269,534.86,152
38,The Thing,1982,8.1,57.0,365855,13.78,109
39,Little Women,2019,7.8,91.0,130794,108.1,135
40,Harry Potter and the Goblet of Fire,2005,7.7,81.0,537895,290.01,157
41,The Lord of the Rings: The Fellowship of the Ring,2001,8.8,92.0,1635106,315.54,178
42,Titanic,1997,7.8,75.0,1031705,659.33,194
43,Love Actually,2003,7.6,55.0,418449,59.7,135
44,Blade Runner 2049,2017,8.0,81.0,449842,92.05,164
45,Inception,2010,8.8,74.0,2030354,292.58,148
46,Dazed and Confused,1993,7.6,78.0,163190,7.99,102
47,Ford v Ferrari,2019,8.1,81.0,271505,117.62,152
48,The Matrix,1999,8.7,73.0,1649707,171.48,136
49,Alien,1979,8.4,89.0,777367,78.9,117
50,Jojo Rabbit,2019,7.9,58.0,272726,0.35,108
51,The Big Lebowski,1998,8.1,71.0,722118,17.5,117
52,A Clockwork Orange,1971,8.3,77.0,747832,6.21,136
53,Se7en,1995,8.6,65.0,1419921,100.13,127
54,Moneyball,2011,7.6,87.0,362241,75.61,133
55,Zodiac,2007,7.7,78.0,453858,33.08,157
56,Casino Royale,2006,8.0,80.0,575338,167.45,144
57,Psycho,1960,8.5,97.0,595348,32.0,109
58,Apocalypse Now,1979,8.4,94.0,597727,83.47,147
59,Coraline,2009,7.7,80.0,194730,75.29,100
60,Fargo,1996,8.1,85.0,607786,24.61,98
61,Harry Potter and the Deathly Hallows: Part 2,2011,8.1,85.0,751627,381.01,130
62,Fight Club,1999,8.8,66.0,1826551,37.03,139
63,Forrest Gump,1994,8.8,82.0,1776359,330.25,142
64,The Prestige,2006,8.5,66.0,1169571,53.09,130
65,The Departed,2006,8.5,85.0,1171637,132.38,151
66,Harry Potter and the Prisoner of Azkaban,2004,7.9,82.0,541188,249.36,142
67,The Fifth Element,1997,7.7,52.0,429161,63.54,126
68,Star Wars: Episode IV - A New Hope,1977,8.6,90.0,1214376,322.74,121
69,Dr. Strangelove or: How I Learned to Stop Worrying and Love the Bomb,1964,8.4,97.0,445117,0.28,95
70,Edward Scissorhands,1990,7.9,74.0,441940,56.36,105
71,Home Alone,1990,7.6,63.0,456179,285.76,103
72,Young Frankenstein,1974,8.0,80.0,141882,86.3,106
73,Mad Max: Fury Road,2015,8.1,90.0,866623,154.06,120
74,Full Metal Jacket,1987,8.3,76.0,665602,46.36,116
75,Léon: The Professional,1994,8.5,64.0,1019046,19.5,110
76,Raiders of the Lost Ark,1981,8.4,85.0,873161,248.16,115
77,About Time,2013,7.8,55.0,294482,15.32,123
78,Gladiator,2000,8.5,67.0,1321413,187.71,155
79,The Dark Knight Rises,2012,8.4,78.0,1495798,448.14,164
80,Ocean's Eleven,2001,7.7,74.0,509034,183.42,116
81,Django Unchained,2012,8.4,81.0,1333916,162.81,165
82,The Godfather: Part II,1974,9.0,90.0,1111413,57.3,202
83,Pride & Prejudice,2005,7.8,82.0,252829,38.41,129
84,American Beauty,1999,8.3,84.0,1057544,130.1,122
85,The Irishman,2019,7.9,94.0,312488,7.0,209
86,Gone Girl,2014,8.1,79.0,843786,167.77,149
87,E.T. the Extra-Terrestrial,1982,7.8,91.0,366863,435.11,115
88,The Sixth Sense,1999,8.1,64.0,901696,293.51,107
89,Thor: Ragnarok,2017,7.9,74.0,573817,315.06,130
90,The Lord of the Rings: The Return of the King,2003,8.9,94.0,1619275,377.85,201
91,Requiem for a Dream,2000,8.3,68.0,756179,3.64,102
92,Avengers: Infinity War,2018,8.4,68.0,811703,678.82,149
93,American Psycho,2000,7.6,64.0,480915,15.07,101
94,Deadpool,2016,8.0,65.0,889962,363.07,108
95,Donnie Darko,2001,8.0,88.0,733113,1.48,113
96,Call Me by Your Name,2017,7.9,93.0,204625,18.1,132
97,Jurassic Park,1993,8.1,68.0,855146,402.45,127
98,The Princess Bride,1987,8.1,77.0,389193,30.86,98
99,The Green Mile,1999,8.6,61.0,1126964,136.8,189
100,What We Do in the Shadows,2014,7.7,76.0,154156,3.33,86
101,No Country for Old Men,2007,8.1,91.0,841768,74.28,122
102,Schindler's List,1993,8.9,94.0,1195871,96.9,195
103,The Goonies,1985,7.8,62.0,240900,61.5,114
104,Guardians of the Galaxy,2014,8.0,76.0,1031218,333.18,121
105,Pirates of the Caribbean: The Curse of the Black Pearl,2003,8.0,63.0,1006859,305.41,143
106,Watchmen,2009,7.6,56.0,495785,107.51,162
107,Blazing Saddles,1974,7.7,73.0,124598,119.5,93
108,The Peanut Butter Falcon,2019,7.6,70.0,59200,13.12,97
109,Baby Driver,2017,7.6,86.0,429482,107.83,113
110,Moana,2016,7.6,81.0,265675,248.76,107
111,Avatar,2009,7.8,83.0,1108295,760.51,162
112,Harry Potter and the Half-Blood Prince,2009,7.6,78.0,464773,301.96,153
113,Taxi Driver,1976,8.3,94.0,712259,28.26,114
114,Saw,2004,7.6,46.0,375453,56.0,103
115,Prisoners,2013,8.1,70.0,589311,61.0,153
116,Shutter Island,2010,8.2,63.0,1109827,128.01,138
117,Whiplash,2014,8.5,88.0,701250,13.09,106
118,Shaun of the Dead,2004,7.9,76.0,506813,13.54,99
119,The Lord of the Rings: The Two Towers,2002,8.7,87.0,1463674,342.55,179
120,Rosemary's Baby,1968,8.0,96.0,190854,,137
121,Green Book,2018,8.2,69.0,353895,85.08,130
122,Mission: Impossible - Fallout,2018,7.7,86.0,285384,220.16,147
123,Logan,2017,8.1,77.0,635905,226.28,137
124,Vertigo,1958,8.3,100.0,358367,3.2,128
125,Harry Potter and the Deathly Hallows: Part 1,2010,7.7,65.0,469476,295.98,146
126,Rogue One: A Star Wars Story,2016,7.8,65.0,544451,532.18,133
127,Saving Private Ryan,1998,8.6,91.0,1216894,216.54,169
128,Hacksaw Ridge,2016,8.1,71.0,425506,67.21,139
129,Star Wars: Episode VI - Return of the Jedi,1983,8.3,58.0,936504,309.13,131
130,American Gangster,2007,7.8,76.0,386729,130.16,157
131,The Curious Case of Benjamin Button,2008,7.8,70.0,581015,127.51,166
132,The Hobbit: An Unexpected Journey,2012,7.8,58.0,749986,303.0,169
133,Deadpool 2,2018,7.7,66.0,467905,324.59,119
134,Skyfall,2012,7.7,81.0,624426,304.36,143
135,Blade Runner,1982,8.1,84.0,684699,32.87,117
136,The Grand Budapest Hotel,2014,8.1,88.0,695226,59.1,99
137,The Usual Suspects,1995,8.5,77.0,978168,23.34,106
138,Aliens,1986,8.3,84.0,645378,85.16,137
139,The Social Network,2010,7.7,95.0,615576,96.96,120
140,Dunkirk,2017,7.9,94.0,541616,188.37,106
141,Almost Famous,2000,7.9,90.0,249802,32.53,122
142,Star Wars: Episode V - The Empire Strikes Back,1980,8.7,82.0,1142597,290.48,124
143,Batman Begins,2005,8.2,70.0,1291058,206.85,140
144,The Hateful Eight,2015,7.8,68.0,505809,54.12,168
145,Iron Man,2008,7.9,79.0,927983,318.41,126
146,Die Hard,1988,8.2,72.0,774167,83.01,132
147,Good Will Hunting,1997,8.3,70.0,847324,138.43,126
148,The Notebook,2004,7.8,53.0,513193,81.0,123
149,Portrait of a Lady on Fire,2019,8.1,95.0,55627,3.76,122
150,28 Days Later...,2002,7.6,73.0,372782,45.06,113
151,Guardians of the Galaxy Vol. 2,2017,7.6,67.0,558131,389.81,136
152,The Big Short,2015,7.8,81.0,354139,70.26,130
153,Her,2013,8.0,90.0,530892,25.57,126
154,Eternal Sunshine of the Spotless Mind,2004,8.3,89.0,899326,34.4,108
155,The Avengers,2012,8.0,69.0,1248925,623.28,143
156,12 Angry Men,1957,9.0,96.0,677486,4.36,96
157,Spirited Away,2001,8.6,96.0,636979,10.06,125
158,Pan's Labyrinth,2006,8.2,98.0,612008,37.63,118
159,Platoon,1986,8.1,92.0,376529,138.53,120
160,The Lion King,1994,8.5,88.0,927245,422.78,88
161,Dallas Buyers Club,2013,8.0,80.0,434501,27.3,117
162,Braveheart,1995,8.3,68.0,948794,75.6,178
163,Bohemian Rhapsody,2018,8.0,49.0,439973,216.43,134
164,There Will Be Blood,2007,8.2,93.0,508906,40.22,158
165,The Girl with the Dragon Tattoo,2011,7.8,71.0,415626,102.52,158
166,Star Wars: Episode VII - The Force Awakens,2015,7.9,80.0,850656,936.66,138
167,The Help,2011,8.0,62.0,423037,169.71,146
168,The Others,2001,7.6,74.0,333750,96.52,104
169,Memento,2000,8.4,80.0,1110519,25.54,113
170,The Birds,1963,7.7,90.0,169411,11.4,119
171,La La Land,2016,8.0,94.0,494557,151.1,128
172,Terminator 2: Judgment Day,1991,8.5,75.0,983658,204.84,137
173,"O Brother, Where Art Thou?",2000,7.7,69.0,281968,45.51,107
174,Kingsman: The Secret Service,2014,7.7,60.0,584013,128.26,129
175,Heat,1995,8.2,76.0,568263,67.44,170
176,The Bourne Identity,2002,7.9,68.0,502904,121.66,119
177,A Star Is Born,2018,7.6,88.0,325060,215.29,136
178,Toy Story,1995,8.3,95.0,873808,191.8,81
179,Memories of Murder,2003,8.1,82.0,132940,0.01,132
180,Airplane!,1980,7.7,78.0,211426,83.4,88
181,Toy Story 4,2019,7.8,84.0,194714,434.04,100
182,Stardust,2007,7.6,66.0,252203,38.63,127
183,American History X,1998,8.5,62.0,1022786,6.72,119
184,Back to the Future Part II,1989,7.8,57.0,474161,118.5,108
185,Apollo 13,1995,7.6,77.0,264610,173.84,140
186,Indiana Jones and the Temple of Doom,1984,7.6,57.0,442721,179.87,118
187,Jaws,1975,8.0,87.0,539190,260.0,124
188,Black Swan,2010,8.0,79.0,691305,106.95,108
189,"Monsters, Inc.",2001,8.0,79.0,803413,289.92,92
190,The Terminator,1984,8.0,84.0,791800,38.4,107
191,The Wizard of Oz,1939,8.0,92.0,368254,2.08,102
192,Edge of Tomorrow,2014,7.9,71.0,591718,100.21,113
193,Star Trek,2009,7.9,82.0,573949,257.73,127
194,2001: A Space Odyssey,1968,8.3,84.0,594529,56.95,149
195,Ex Machina,2014,7.7,78.0,467319,25.44,108
196,300,2006,7.6,52.0,726473,210.61,117
197,Ferris Bueller's Day Off,1986,7.8,61.0,317643,70.14,103
198,The Intouchables,2011,8.5,57.0,745358,13.18,112
199,Drive,2011,7.8,78.0,563809,35.06,100
200,Spotlight,2015,8.1,93.0,412315,45.06,129
201,Scarface,1983,8.3,65.0,729435,45.6,170
202,The Imitation Game,2014,8.0,73.0,674729,91.13,114
203,The Deer Hunter,1978,8.1,86.0,307336,48.98,183
204,Mulholland Drive,2001,8.0,85.0,316747,7.22,147
205,Rocky,1976,8.1,70.0,511192,117.24,120
206,Marriage Story,2019,8.0,94.0,235403,2.0,137
207,Hot Fuzz,2007,7.8,81.0,458260,23.64,121
208,Blue Velvet,1986,7.7,76.0,178542,8.55,120
209,A Beautiful Mind,2001,8.2,72.0,836240,170.74,135
210,Nightcrawler,2014,7.9,76.0,456055,32.38,117
211,The Perks of Being a Wallflower,2012,8.0,67.0,455919,17.74,103
212,The Invisible Guest,2016,8.1,,132724,,106
213,The Revenant,2015,8.0,76.0,692678,183.64,156
214,"Three Billboards Outside Ebbing, Missouri",2017,8.2,88.0,419561,54.51,115
215,"The Good, the Bad and the Ugly",1966,8.8,90.0,679202,6.1,178
216,Stand by Me,1986,8.1,75.0,359013,52.29,89
217,Room,2015,8.1,86.0,363365,14.68,118
218,Oldboy,2003,8.4,77.0,506838,0.71,120
219,Lost in Translation,2003,7.7,89.0,408414,44.59,102
220,Snatch,2000,8.3,55.0,772756,30.33,102
221,Once Upon a Time in America,1984,8.4,,306103,5.32,229
222,Inside Out,2015,8.1,94.0,600859,356.46,95
223,Sin City,2005,8.0,74.0,735473,74.1,124
224,Casino,1995,8.2,73.0,458688,42.44,178
225,Kill Bill: Vol. 1,2003,8.1,69.0,986979,70.1,111
226,Zootopia,2016,8.0,78.0,426217,341.27,108
227,Dead Poets Society,1989,8.1,79.0,416657,95.86,128
228,Catch Me If You Can,2002,8.1,75.0,812498,164.62,141
229,Boogie Nights,1997,7.9,85.0,236209,26.4,155
230,Arrival,2016,7.9,81.0,583262,100.55,116
231,Hidden Figures,2016,7.8,74.0,196427,169.61,127
232,Life Is Beautiful,1997,8.6,59.0,613109,57.6,116
233,Zombieland,2009,7.6,73.0,514976,75.59,88
234,Atonement,2007,7.8,85.0,247314,50.93,123
235,The Breakfast Club,1985,7.8,66.0,352954,45.88,97
236,Wonder,2017,8.0,66.0,137314,132.42,113
237,Predator,1987,7.8,45.0,367428,59.74,107
238,The Longest Day,1962,7.8,75.0,51729,39.1,178
239,Boyz n the Hood,1991,7.8,76.0,123670,57.5,112
240,The Pianist,2002,8.5,85.0,716779,32.57,150
241,Tombstone,1993,7.8,50.0,124556,56.51,130
242,The Martian,2015,8.0,80.0,748505,228.43,144
243,Sicario,2015,7.6,82.0,365185,46.89,121
244,The Truman Show,1998,8.1,90.0,922574,125.62,103
245,Ratatouille,2007,8.0,96.0,631077,206.45,111
246,Reservoir Dogs,1992,8.3,79.0,905753,2.83,99
247,Night of the Living Dead,1968,7.9,89.0,115302,0.09,96
248,City of God,2002,8.6,79.0,691430,7.56,130
249,Your Name.,2016,8.4,79.0,185573,5.02,106
250,The Incredibles,2004,8.0,90.0,648451,261.44,115
251,Apocalypto,2006,7.8,68.0,288255,50.87,139
252,True Romance,1993,7.9,59.0,204385,12.28,119
253,Trainspotting,1996,8.1,83.0,627970,16.5,93
254,The Handmaiden,2016,8.1,84.0,108313,2.01,145
255,The Hangover,2009,7.7,73.0,710619,277.32,100
256,12 Years a Slave,2013,8.1,96.0,630990,56.67,134
257,Misery,1990,7.8,75.0,181673,61.28,107
258,Downfall,2004,8.2,82.0,327539,5.51,156
259,Scent of a Woman,1992,8.0,59.0,257953,63.9,156
260,Capernaum,2018,8.4,75.0,57584,1.66,126
261,Wind River,2017,7.7,73.0,198365,33.8,107
262,The Bourne Supremacy,2004,7.7,73.0,430202,176.24,108
263,Silver Linings Playbook,2012,7.7,81.0,655063,132.09,122
264,Captain America: Civil War,2016,7.8,75.0,651998,408.08,147
265,Kick-Ass,2010,7.6,66.0,520680,48.07,117
266,Willy Wonka & the Chocolate Factory,1971,7.8,67.0,175972,4.0,100
267,Children of Men,2006,7.9,84.0,460402,35.55,109
268,The Fly,1986,7.6,79.0,157713,40.46,96
269,Big Fish,2003,8.0,58.0,411499,66.26,125
270,Birdman or (The Unexpected Virtue of Ignorance),2014,7.7,87.0,572116,42.34,119
271,Finding Nemo,2003,8.1,90.0,936691,380.84,100
272,Citizen Kane,1941,8.3,100.0,393690,1.59,119
273,The Sound of Music,1965,8.0,63.0,200330,163.21,172
274,Into the Wild,2007,8.1,73.0,565346,18.35,148
275,The Hobbit: The Desolation of Smaug,2013,7.8,66.0,594536,258.37,161
276,Evil Dead II,1987,7.8,72.0,146759,5.92,84
277,The Theory of Everything,2014,7.7,72.0,397080,35.89,123
278,Hunt for the Wilderpeople,2016,7.9,81.0,107519,5.2,101
279,Sleepers,1996,7.6,49.0,184926,49.1,147
280,The Hunt,2012,8.3,77.0,274053,0.69,115
281,Warrior,2011,8.2,71.0,431109,13.66,140
282,Shrek,2001,7.8,84.0,605741,267.67,90
283,Papillon,1973,8.0,58.0,120413,53.27,151
284,Rear Window,1954,8.4,100.0,437579,36.76,112
285,Brokeback Mountain,2005,7.7,87.0,319540,83.04,134
286,Manchester by the Sea,2016,7.8,96.0,242048,47.7,137
287,Come and See,1985,8.3,,56475,,142
288,Blue Is the Warmest Colour,2013,7.7,89.0,136757,2.2,180
289,Casablanca,1942,8.5,100.0,515045,1.02,102
290,The Godfather: Part III,1990,7.6,60.0,353586,66.67,162
291,Gran Torino,2008,8.1,72.0,712959,148.1,116
292,The Pursuit of Happyness,2006,8.0,64.0,441793,163.57,117
293,Captain Fantastic,2016,7.9,72.0,185182,5.88,118
294,Argo,2012,7.7,86.0,566832,136.03,120
295,The Bourne Ultimatum,2007,8.0,85.0,600331,227.47,115
296,Mulan,1998,7.6,71.0,251833,120.62,88
297,Gone with the Wind,1939,8.1,97.0,286392,198.68,238
298,X-Men: First Class,2011,7.7,65.0,640450,146.41,131
299,The Royal Tenenbaums,2001,7.6,76.0,263348,52.36,110
300,Sherlock Holmes,2009,7.6,57.0,577820,209.03,128
301,Moonrise Kingdom,2012,7.8,84.0,314679,45.51,94
302,It's a Wonderful Life,1946,8.6,89.0,391989,,130
303,Unforgiven,1992,8.2,85.0,371009,101.16,130
304,The Blind Side,2009,7.6,53.0,288763,255.96,129
305,Groundhog Day,1993,8.0,72.0,572810,70.91,101
306,Amélie,2001,8.3,69.0,695805,33.23,122
307,Amadeus,1984,8.3,88.0,364484,51.97,160
308,Remember the Titans,2000,7.8,48.0,195849,115.65,113
309,Tangled,2010,7.7,71.0,399983,200.82,100
310,12 Monkeys,1995,8.0,74.0,572322,57.14,129
311,The Right Stuff,1983,7.8,91.0,55537,21.5,193
312,Cast Away,2000,7.8,73.0,515797,233.63,143
313,Once Upon a Time in the West,1968,8.5,80.0,298714,5.32,165
314,The Lives of Others,2006,8.4,89.0,353511,11.29,137
315,Dances with Wolves,1990,8.0,72.0,237053,184.21,181
316,Incredibles 2,2018,7.6,80.0,243439,608.58,118
317,Howl's Moving Castle,2004,8.2,80.0,325492,4.71,119
318,X-Men: Days of Future Past,2014,7.9,75.0,654148,233.92,132
319,L.A. Confidential,1997,8.2,90.0,525846,64.62,138
320,Incendies,2010,8.3,80.0,145745,6.86,131
321,Road to Perdition,2002,7.7,72.0,244005,104.45,117
322,Let the Right One In,2008,7.9,82.0,204148,2.12,114
323,Up,2009,8.2,88.0,921037,293.0,96
324,Captain America: The Winter Soldier,2014,7.7,70.0,725777,259.77,136
325,Serenity,2005,7.8,74.0,281282,25.51,119
326,Primal Fear,1996,7.7,47.0,185482,56.12,129
327,Mary Poppins,1964,7.8,88.0,155714,102.27,139
328,Magnolia,1999,8.0,77.0,286691,22.46,188
329,Klaus,2019,8.2,65.0,78543,,96
330,The Last Samurai,2003,7.7,55.0,395583,111.11,154
331,Crash,2004,7.7,66.0,416886,54.58,112
332,The Blues Brothers,1980,7.9,60.0,180600,57.23,133
333,The Machinist,2004,7.7,61.0,354106,1.08,101
334,Deliverance,1972,7.7,80.0,97725,7.06,109
335,Training Day,2001,7.7,69.0,384929,76.63,122
336,Minority Report,2002,7.6,80.0,502836,132.07,145
337,Before Sunrise,1995,8.1,77.0,266688,5.54,101
338,Fear and Loathing in Las Vegas,1998,7.6,41.0,257117,10.68,118
339,Inside Man,2006,7.6,76.0,334056,88.51,129
340,Dawn of the Dead,1978,7.9,71.0,110517,5.1,127
341,Mystic River,2003,7.9,84.0,414625,90.14,138
342,A Few Good Men,1992,7.7,62.0,232044,141.34,138
343,Taken,2008,7.8,51.0,560802,145.0,90
344,What's Eating Gilbert Grape,1993,7.8,73.0,212078,9.17,118
345,"Lock, Stock and Two Smoking Barrels",1998,8.2,66.0,529010,3.9,107
346,Rush,2013,8.1,74.0,427043,26.95,123
347,3 Idiots,2009,8.4,67.0,337260,6.53,170
348,Star Trek Into Darkness,2013,7.7,72.0,460303,228.78,132
349,The Butterfly Effect,2004,7.6,30.0,447224,57.94,113
350,Gattaca,1997,7.8,64.0,277926,12.34,106
351,Changeling,2008,7.7,63.0,236470,35.74,141
352,WALL·E,2008,8.4,95.0,984498,223.81,98
353,Black Hawk Down,2001,7.7,74.0,360630,108.64,144
354,How to Train Your Dragon,2010,8.1,75.0,657647,217.58,98
355,Million Dollar Baby,2004,8.1,86.0,628495,100.49,132
356,The Game,1997,7.8,61.0,340123,48.32,129
357,As Good as It Gets,1997,7.7,67.0,272039,148.48,139
358,I Saw the Devil,2010,7.8,67.0,108568,0.13,144
359,The Warriors,1979,7.6,65.0,92682,22.49,92
360,Seven Samurai,1954,8.6,98.0,311453,0.27,163
361,Who Framed Roger Rabbit,1988,7.7,83.0,179987,156.45,104
362,Little Miss Sunshine,2006,7.8,80.0,435156,59.89,101
363,Lion,2016,8.0,69.0,209730,51.74,118
364,Slumdog Millionaire,2008,8.0,84.0,791073,141.32,120
365,Office Space,1999,7.7,68.0,239173,10.82,89
366,The Sandlot,1993,7.8,55.0,78011,32.42,101
367,My Cousin Vinny,1992,7.6,68.0,105282,52.93,120
368,True Grit,2010,7.6,80.0,307854,171.24,110
369,Being John Malkovich,1999,7.7,90.0,308846,22.86,113
370,The Last of the Mohicans,1992,7.7,76.0,147043,75.51,112
371,The Florida Project,2017,7.6,92.0,92157,5.9,111
372,A Bronx Tale,1993,7.8,80.0,126345,17.27,121
373,District 9,2009,7.9,81.0,633669,115.65,112
374,Princess Mononoke,1997,8.4,76.0,336203,2.38,134
375,Do the Right Thing,1989,8.0,93.0,87665,27.55,120
376,Enemy at the Gates,2001,7.6,53.0,240619,51.4,131
377,Togo,2019,8.0,69.0,33359,,113
378,First Blood,1982,7.7,61.0,223511,47.21,93
379,Gifted,2017,7.6,60.0,97468,24.8,101
380,Y Tu Mamá También,2001,7.6,88.0,114591,13.62,106
381,Aladdin,1992,8.0,86.0,369278,217.35,90
382,The King's Speech,2010,8.0,88.0,632526,138.8,118
383,The Fugitive,1993,7.8,87.0,264232,183.88,130
384,Grave of the Fireflies,1988,8.5,94.0,229772,,89
385,Midnight in Paris,2011,7.7,81.0,383508,56.82,94
386,Chinatown,1974,8.1,92.0,290069,29.2,130
387,Kill Bill: Vol. 2,2004,8.0,83.0,674958,66.21,137
388,In Bruges,2008,7.9,67.0,386590,7.76,107
389,Blow,2001,7.6,52.0,238285,52.99,124
390,Monty Python and the Holy Grail,1975,8.2,91.0,495676,1.23,91
391,Big Hero 6,2014,7.8,74.0,404870,222.53,102
392,The Thin Red Line,1998,7.6,78.0,170703,36.4,170
393,Sense and Sensibility,1995,7.6,84.0,100789,43.18,136
394,Gravity,2013,7.7,96.0,761183,274.09,91
395,Raging Bull,1980,8.2,89.0,317308,23.38,129
396,The Little Mermaid,1989,7.6,88.0,234307,111.54,83
397,Only the Brave,2017,7.6,72.0,56393,18.34,134
398,The Graduate,1967,8.0,83.0,251454,104.95,106
399,"Planes, Trains and Automobiles",1987,7.6,72.0,120555,49.53,93
400,The Fault in Our Stars,2014,7.7,69.0,340055,124.87,126
401,Frankenstein,1931,7.8,91.0,64517,,70
402,Beauty and the Beast,1991,8.0,95.0,413382,218.97,84
403,The Secret in Their Eyes,2009,8.2,80.0,190115,6.39,129
404,500 Days of Summer,2009,7.7,76.0,467724,32.39,95
405,Creed,2015,7.6,82.0,244147,109.77,133
406,The Count of Monte Cristo,2002,7.8,61.0,127766,54.23,131
407,Dangal,2016,8.4,,151446,12.39,161
408,Hell or High Water,2016,7.6,88.0,200734,26.86,102
409,Man on Fire,2004,7.7,47.0,326060,77.91,146
410,In the Mood for Love,2000,8.1,85.0,121269,2.73,98
411,Nosferatu,1922,7.9,,87828,,94
412,Toy Story 3,2010,8.3,92.0,746864,415.0,103
413,North by Northwest,1959,8.3,98.0,295125,13.28,136
414,Fantastic Mr. Fox,2009,7.9,83.0,195390,21.0,87
415,JFK,1991,8.0,72.0,140107,70.41,189
416,Walk the Line,2005,7.8,72.0,231427,119.52,136
417,Akira,1988,8.0,,162095,0.55,124
418,Moon,2009,7.9,67.0,332072,5.01,97
419,Close Encounters of the Third Kind,1977,7.6,90.0,182382,132.09,138
420,The Elephant Man,1980,8.1,78.0,216936,,124
421,Eastern Promises,2007,7.6,82.0,225507,17.11,100
422,The Road Warrior,1981,7.6,77.0,164761,12.47,96
423,Bridge of Spies,2015,7.6,81.0,283757,72.31,142
424,Searching,2018,7.6,71.0,136402,26.02,102
425,Seven Pounds,2008,7.6,36.0,284110,69.95,123
426,Breakfast at Tiffany's,1961,7.6,76.0,164488,,115
427,Glory,1989,7.8,78.0,120716,26.83,122
428,Lawrence of Arabia,1962,8.3,100.0,264303,44.82,228
429,The Seventh Seal,1957,8.2,88.0,161713,,96
430,Blood Diamond,2006,8.0,64.0,493441,57.37,143
431,Fried Green Tomatoes,1991,7.7,64.0,66095,82.42,130
432,Boyhood,2014,7.9,100.0,332728,25.38,165
433,Brazil,1985,7.9,84.0,185801,9.93,132
434,Roma,2018,7.7,96.0,137018,,135
435,Rain Man,1988,8.0,65.0,468172,178.8,133
436,The Skin I Live In,2011,7.6,70.0,136772,3.19,120
437,A Christmas Story,1983,7.9,77.0,128127,20.61,94
438,Traffic,2000,7.6,86.0,194240,124.12,147
439,Kelly's Heroes,1970,7.6,50.0,44747,1.38,144
440,Mr. Nobody,2009,7.8,63.0,213731,0.0,141
441,Dark City,1998,7.6,66.0,186390,14.38,100
442,Mother,2009,7.8,79.0,50562,0.55,129
443,Dog Day Afternoon,1975,8.0,86.0,232835,50.0,125
444,Despicable Me,2010,7.6,72.0,494956,251.51,95
445,Lethal Weapon,1987,7.6,68.0,233927,65.21,109
446,Gone Baby Gone,2007,7.6,72.0,247497,20.3,114
447,Toy Story 2,1999,7.9,88.0,519900,245.85,92
448,Life of Pi,2012,7.9,79.0,574347,124.99,127
449,Spartacus,1960,7.9,87.0,122998,30.0,197
450,Captain Phillips,2013,7.8,82.0,415681,107.1,134
451,The Girl with the Dragon Tattoo,2009,7.8,76.0,207236,10.1,152
452,The Boy in the Striped Pajamas,2008,7.8,55.0,187796,9.03,94
453,Barry Lyndon,1975,8.1,89.0,147153,,185
454,Some Like It Hot,1959,8.2,98.0,240546,25.0,121
455,The Sting,1973,8.3,83.0,238517,159.6,129
456,All the President's Men,1976,8.0,84.0,101058,70.6,138
457,Donnie Brasco,1997,7.7,76.0,275088,41.91,127
458,Stalker,1979,8.2,,114193,0.23,162
459,3:10 to Yuma,2007,7.7,76.0,286059,53.61,122
460,To Kill a Mockingbird,1962,8.2,88.0,291031,,129
461,Falling Down,1993,7.6,56.0,168263,40.9,113
462,Wreck-It Ralph,2012,7.7,72.0,374871,189.42,101
463,Dogville,2003,8.0,60.0,136231,1.53,178
464,Das Boot,1981,8.3,86.0,228812,11.49,149
465,Rushmore,1998,7.7,86.0,167354,17.11,93
466,The Great Escape,1963,8.2,86.0,221779,12.1,172
467,Ed Wood,1994,7.8,70.0,163858,5.89,127
468,In the Name of the Father,1993,8.1,84.0,154578,25.01,133
469,The Fighter,2010,7.8,79.0,336647,93.62,116
470,The Boondock Saints,1999,7.8,44.0,225714,0.03,108
471,Singin' in the Rain,1952,8.3,99.0,215560,8.82,103
472,A Silent Voice: The Movie,2016,8.1,78.0,43791,,130
473,When Harry Met Sally...,1989,7.6,76.0,192632,92.82,95
474,Anatomy of a Murder,1959,8.0,95.0,59049,11.9,161
475,Adaptation.,2002,7.7,83.0,176346,22.25,115
476,Match Point,2005,7.6,72.0,204302,23.09,124
477,Isle of Dogs,2018,7.9,82.0,135383,32.02,101
478,Billy Elliot,2000,7.7,74.0,125126,22.0,110
479,Planet of the Apes,1968,8.0,79.0,163923,33.4,115
480,Cinema Paradiso,1988,8.5,80.0,226299,11.99,155
481,Freaks,1932,7.9,80.0,41675,,64
482,The Magnificent Seven,1960,7.7,74.0,86655,4.91,128
483,The Holy Mountain,1973,7.9,76.0,36064,0.06,114
484,Before Sunset,2004,8.1,90.0,231840,5.82,80
485,Lost Highway,1997,7.6,52.0,129127,3.8,134
486,My Neighbor Totoro,1988,8.2,86.0,283956,1.11,86
487,Carlito's Way,1993,7.9,65.0,198466,36.95,144
488,Wild Tales,2014,8.1,77.0,173334,3.11,122
489,The French Connection,1971,7.7,94.0,108543,15.63,104
490,The Raid: Redemption,2011,7.6,73.0,188619,4.11,101
491,Perfect Blue,1997,8.0,,55906,0.78,81
492,Philadelphia,1993,7.7,66.0,221402,77.32,125
493,The Ten Commandments,1956,7.9,,62840,93.74,220
494,The Naked Gun: From the Files of Police Squad!,1988,7.6,76.0,150377,78.76,85
495,Funny Games,1997,7.6,69.0,63817,,108
496,The Lego Movie,2014,7.7,83.0,321297,257.76,100
497,The Searchers,1956,7.9,94.0,79269,,119
498,The Jungle Book,1967,7.6,65.0,164047,141.84,78
499,End of Watch,2012,7.6,68.0,225945,41.0,109
500,Metropolis,1927,8.3,98.0,157934,1.24,153
501,Tumbbad,2018,8.3,,25842,,104
502,"Crouching Tiger, Hidden Dragon",2000,7.8,94.0,250943,128.08,120
503,Ben-Hur,1959,8.1,90.0,216711,74.7,212
504,Midnight Cowboy,1969,7.8,79.0,99677,44.79,113
505,La Haine,1995,8.1,,147014,0.31,98
506,Kiki's Delivery Service,1989,7.8,83.0,120707,,103
507,Empire of the Sun,1987,7.7,62.0,114200,22.24,153
508,Cinderella Man,2005,8.0,69.0,174509,61.65,144
509,The Illusionist,2006,7.6,68.0,352317,39.87,110
510,The Bridge on the River Kwai,1957,8.1,87.0,200868,44.91,161
511,Before Midnight,2013,7.9,94.0,138550,8.11,109
512,Frost/Nixon,2008,7.7,80.0,102244,18.59,122
513,Monty Python's Life of Brian,1979,8.1,77.0,362775,20.05,94
514,Straight Outta Compton,2015,7.8,72.0,177413,161.2,147
515,Sunset Blvd.,1950,8.4,,198581,,115
516,A Streetcar Named Desire,1951,8.0,97.0,98006,8.0,122
517,"Blood In, Blood Out",1993,8.0,47.0,28528,4.5,180
518,Ghost in the Shell,1995,8.0,76.0,127042,0.52,83
519,"Paris, Texas",1984,8.1,78.0,88441,2.18,145
520,The Insider,1999,7.8,84.0,158109,28.97,157
521,"Synecdoche, New York",2008,7.6,67.0,81629,3.08,124
522,This Is Spinal Tap,1984,7.9,92.0,127519,0.19,82
523,Butch Cassidy and the Sundance Kid,1969,8.0,66.0,200255,102.31,110
524,Lord of War,2005,7.6,62.0,291638,24.15,122
525,Battle Royale,2000,7.6,81.0,167574,,114
526,Annie Hall,1977,8.0,92.0,249780,39.2,93
527,The Bridges of Madison County,1995,7.6,66.0,72006,71.52,135
528,Shoplifters,2018,8.0,93.0,58972,3.31,121
529,The Bride of Frankenstein,1935,7.8,95.0,42992,4.36,75
530,The Farewell,2019,7.6,89.0,47350,16.88,100
531,Snow White and the Seven Dwarfs,1937,7.6,95.0,179022,184.93,83
532,Dangerous Liaisons,1988,7.6,74.0,63883,34.7,119
533,The Innocents,1961,7.8,88.0,26595,2.62,100
534,Die Hard with a Vengeance,1995,7.6,58.0,359703,100.01,128
535,Paths of Glory,1957,8.4,90.0,175173,,88
536,The Color Purple,1985,7.8,78.0,77299,98.47,154
537,Harakiri,1962,8.6,85.0,39400,,133
538,Red River,1948,7.8,,27735,,133
539,Winter Sleep,2014,8.1,88.0,44746,0.17,196
540,Dil Bechara,2020,7.9,,107100,,101
541,Naked,1993,7.8,84.0,33783,1.77,132
542,Hachi: A Dog's Tale,2009,8.1,,248861,,93
543,A Fistful of Dollars,1964,8.0,65.0,195168,14.5,99
544,For a Few Dollars More,1965,8.3,74.0,229189,15.0,132
545,My Fair Lady,1964,7.8,95.0,85438,72.0,170
546,Star Trek II: The Wrath of Khan,1982,7.7,67.0,111581,78.91,113
547,The Man from Earth,2007,7.9,,172108,,87
548,Finding Neverland,2004,7.7,67.0,197179,51.68,106
549,How to Train Your Dragon 2,2014,7.8,76.0,301320,177.0,102
550,Escape from Alcatraz,1979,7.6,76.0,119165,43.0,112
551,Robin Hood,1973,7.6,57.0,114021,32.06,83
552,Network,1976,8.1,83.0,143236,,121
553,Gangs of Wasseypur,2012,8.2,89.0,80223,,321
554,The Wrestler,2008,7.9,80.0,287549,26.24,109
555,Midnight Express,1978,7.6,59.0,72826,35.0,121
556,A Separation,2011,8.3,95.0,216473,7.1,123
557,Andhadhun,2018,8.3,,68365,1.37,139
558,The Last Picture Show,1971,8.0,93.0,41736,29.13,118
559,The Conversation,1974,7.8,85.0,96736,4.42,113
560,Gandhi,1982,8.0,79.0,216243,52.77,191
561,High Noon,1952,7.9,89.0,96220,9.45,85
562,The Artist,2011,7.9,89.0,228739,44.67,100
563,What Ever Happened to Baby Jane?,1962,8.1,75.0,49437,4.05,135
564,Bonnie and Clyde,1967,7.8,86.0,101064,,111
565,Awakenings,1990,7.8,74.0,122452,52.1,121
566,Cool Hand Luke,1967,8.1,92.0,159706,16.22,127
567,Paddington 2,2017,7.8,88.0,59154,40.44,103
568,The Apartment,1960,8.3,94.0,161295,18.6,125
569,Dirty Harry,1971,7.7,90.0,141721,35.9,102
570,After Hours,1985,7.7,90.0,57921,10.6,97
571,Kung Fu Hustle,2004,7.7,78.0,125874,17.11,99
572,Charade,1963,7.9,83.0,67254,13.47,113
573,On the Waterfront,1954,8.1,91.0,140136,9.6,108
574,K.G.F: Chapter 1,2018,8.2,,33283,,156
575,Mississippi Burning,1988,7.8,65.0,86900,34.6,128
576,The Raid 2,2014,8.0,71.0,113040,2.63,150
577,Doctor Zhivago,1965,8.0,69.0,68900,111.72,197
578,Amores Perros,2000,8.1,83.0,221113,5.38,154
579,The Fall,2006,7.9,64.0,106481,2.28,117
580,October Sky,1999,7.8,71.0,81585,32.48,108
581,Eyes Without a Face,1960,7.7,90.0,27053,0.05,90
582,50/50,2011,7.6,72.0,313411,35.01,100
583,Hotel Rwanda,2004,8.1,79.0,331376,23.53,121
584,The Best Offer,2013,7.8,49.0,106443,0.09,131
585,Ordinary People,1980,7.7,86.0,46303,54.8,124
586,Like Stars on Earth,2007,8.4,,164794,1.22,165
587,Once Were Warriors,1994,7.9,77.0,31219,2.2,102
588,Dancer in the Dark,2000,8.0,61.0,100927,4.18,140
589,Barton Fink,1991,7.7,69.0,111900,6.15,116
590,Ponyo,2008,7.7,86.0,122342,15.09,101
591,The Body,2012,7.6,,55754,,112
592,Malcolm X,1992,7.7,73.0,84387,48.17,202
593,The Iron Giant,1999,8.0,85.0,169873,23.16,86
594,Ip Man,2008,8.0,59.0,209474,,106
595,Serpico,1973,7.7,87.0,108011,29.8,130
596,Roman Holiday,1953,8.0,78.0,125798,,118
597,Nausicaä of the Valley of the Wind,1984,8.1,86.0,147626,0.5,117
598,Peeping Tom,1960,7.7,,30880,0.08,101
599,Rope,1948,8.0,73.0,127701,,80
600,Enter the Dragon,1973,7.7,83.0,95245,25.0,102
601,Flipped,2010,7.7,45.0,80539,1.75,90
602,Sing Street,2016,7.9,79.0,83801,3.24,106
603,The Last King of Scotland,2006,7.7,74.0,173808,17.61,123
604,Ran,1985,8.2,96.0,110560,4.14,162
605,Blood Simple,1984,7.6,82.0,86391,2.15,99
606,The Invisible Man,1933,7.7,87.0,30057,,71
607,Miller's Crossing,1990,7.7,66.0,124634,5.08,115
608,Kramer vs. Kramer,1979,7.8,77.0,131353,106.26,105
609,Dial M for Murder,1954,8.2,75.0,155617,0.01,105
610,Dawn of the Planet of the Apes,2014,7.6,79.0,408673,208.55,130
611,I Am Sam,2001,7.7,28.0,141845,40.31,132
612,In the Heat of the Night,1967,7.9,75.0,66811,24.38,110
613,Days of Heaven,1978,7.8,93.0,51851,,94
614,Glengarry Glen Ross,1992,7.7,82.0,94689,10.73,100
615,Fiddler on the Roof,1971,8.0,67.0,38785,80.5,181
616,M,1931,8.3,,141245,0.03,99
617,A Little Princess,1995,7.7,83.0,31815,10.02,97
618,Clerks,1994,7.7,70.0,210240,3.15,92
619,Solaris,1972,8.1,90.0,79417,,167
620,From Here to Eternity,1953,7.6,85.0,42812,30.5,118
621,The Dirty Dozen,1967,7.7,73.0,66438,45.3,150
622,All That Jazz,1979,7.9,72.0,27679,37.82,123
623,Dilwale Dulhania Le Jayenge,1995,8.1,,62620,,181
624,Victoria,2015,7.6,77.0,51731,,138
625,Guess Who's Coming to Dinner,1967,7.8,63.0,38911,56.7,108
626,This Is England,2006,7.7,86.0,114813,0.33,101
627,Badlands,1973,7.8,93.0,64813,,94
628,21 Grams,2003,7.6,70.0,222588,16.29,124
629,Being There,1979,8.0,83.0,64789,30.18,130
630,Detachment,2011,7.7,52.0,75912,0.07,98
631,Kubo and the Two Strings,2016,7.8,84.0,116337,48.02,101
632,The Outlaw Josey Wales,1976,7.8,69.0,64743,31.8,135
633,The Great Beauty,2013,7.8,86.0,79717,2.85,141
634,Persona,1966,8.1,86.0,100712,,83
635,Sling Blade,1996,8.0,84.0,86168,24.48,135
636,Chungking Express,1994,8.1,77.0,61224,0.6,102
637,Rio Bravo,1959,8.0,93.0,55459,12.54,141
638,Lucky Number Slevin,2006,7.7,53.0,297934,22.49,110
639,The Third Man,1949,8.1,97.0,156819,0.45,93
640,Cabaret,1972,7.8,80.0,47709,42.77,124
641,8½,1963,8.0,91.0,107470,0.05,138
642,Fanny and Alexander,1982,8.1,100.0,56793,4.97,188
643,The King of Comedy,1982,7.8,73.0,86067,2.5,109
644,Hero,2002,7.9,85.0,172883,53.71,120
645,Double Indemnity,1944,8.3,95.0,141412,5.72,110
646,All About Eve,1950,8.2,98.0,119037,0.01,138
647,Modern Times,1936,8.5,96.0,214115,0.16,87
648,A Man Called Ove,2015,7.7,70.0,45989,3.36,116
649,The Tenant,1976,7.7,71.0,39172,1.92,126
650,Witness for the Prosecution,1957,8.4,,106629,8.18,116
651,Nebraska,2013,7.7,87.0,111355,17.65,115
652,The Great Dictator,1940,8.4,,199988,0.29,125
653,Breathless,1960,7.8,,72006,0.34,90
654,Where Eagles Dare,1968,7.7,63.0,51240,,158
655,Castle in the Sky,1986,8.0,78.0,147413,,125
656,The Remains of the Day,1993,7.8,84.0,64841,22.95,134
657,25th Hour,2002,7.6,68.0,168666,13.06,135
658,Beasts of No Nation,2015,7.7,79.0,72610,0.08,137
659,The Vanishing,1988,7.7,,33470,,107
660,Me and Earl and the Dying Girl,2015,7.7,74.0,121700,6.74,105
661,Rebel Without a Cause,1955,7.7,89.0,82342,,111
662,Wings of Desire,1987,8.0,79.0,63703,3.33,128
663,The Hustler,1961,8.0,90.0,74456,8.28,134
664,The Manchurian Candidate,1962,7.9,94.0,70559,,126
665,The Killing,1956,8.0,91.0,80543,,84
666,King Kong,1933,7.9,90.0,78108,10.0,100
667,Paprika,2006,7.7,81.0,69701,0.88,90
668,Arsenic and Old Lace,1944,8.0,,64534,,118
669,Giant,1956,7.6,84.0,33591,,201
670,Short Term 12,2013,8.0,82.0,80598,1.01,96
671,Letters from Iwo Jima,2006,7.9,89.0,152937,13.76,141
672,The Last Emperor,1987,7.7,76.0,92890,43.98,163
673,Baahubali: The Beginning,2015,8.1,,101253,6.74,159
674,Sabrina,1954,7.7,72.0,58363,,113
675,La Dolce Vita,1960,8.0,95.0,65474,19.52,174
676,Black Book,2006,7.7,71.0,72039,4.4,145
677,PK,2014,8.1,,159478,10.62,153
678,Zulu,1964,7.7,77.0,35463,,138
679,The Man Who Shot Liberty Valance,1962,8.1,94.0,67883,,123
680,The Wind Rises,2013,7.8,83.0,71644,5.21,126
681,Strangers on a Train,1951,7.9,88.0,122084,7.63,101
682,The Cabinet of Dr. Caligari,1920,8.1,,56536,,67
683,Mommy,2014,8.1,74.0,49538,3.49,139
684,Run Lola Run,1998,7.6,77.0,186993,7.27,80
685,Song of the Sea,2014,8.1,85.0,50037,0.86,93
686,Blow-Up,1966,7.6,82.0,55650,,111
687,The Straight Story,1999,8.0,86.0,80794,6.2,112
688,The Maltese Falcon,1941,8.0,96.0,147574,2.11,100
689,The Wild Bunch,1969,7.9,97.0,76664,12.06,135
690,Ray,2004,7.7,73.0,136998,75.33,152
691,Breaking the Waves,1996,7.8,76.0,61660,4.04,159
692,My Left Foot,1989,7.9,97.0,66974,14.74,103
693,Loving Vincent,2017,7.8,62.0,49471,6.74,94
694,Touch of Evil,1958,8.0,99.0,97563,2.24,95
695,The Message,1976,8.2,,43349,,177
696,Bicycle Thieves,1948,8.3,,143713,0.33,89
697,7 Kogustaki Mucize,2019,8.3,,30773,,132
698,Dead Man,1995,7.6,62.0,89399,1.04,120
699,Mr. Smith Goes to Washington,1939,8.1,73.0,105561,9.6,129
700,East of Eden,1955,7.9,72.0,39786,,118
701,The Night of the Hunter,1955,8.0,99.0,80921,0.65,92
702,Three Colors: Blue,1993,7.9,85.0,87752,1.32,94
703,The Wave,2008,7.6,,101586,,107
704,Pink Floyd: The Wall,1982,8.1,47.0,75341,22.24,95
705,The Killing Fields,1984,7.8,76.0,51009,34.7,141
706,The Celebration,1998,8.0,82.0,77063,1.65,105
707,Amour,2012,7.9,94.0,91953,6.74,127
708,Invasion of the Body Snatchers,1956,7.7,92.0,44368,,80
709,The Mirror,1975,8.1,,38931,0.18,107
710,Notorious,1946,7.9,100.0,91262,10.46,102
711,Perfect Strangers,2016,7.8,,55499,,96
712,It Happened One Night,1934,8.1,87.0,92444,4.36,105
713,Happiness,1998,7.7,81.0,65850,2.81,134
714,Fantasia,1940,7.7,96.0,87528,76.41,125
715,Drishyam,2015,8.2,,67851,0.74,163
716,Hamlet,1996,7.7,,35740,4.41,242
717,Once,2007,7.8,88.0,109806,9.44,86
718,The Chaser,2008,7.8,64.0,57219,,125
719,Rashomon,1950,8.2,98.0,150175,0.1,88
720,In a Lonely Place,1950,8.0,,25946,,94
721,Harold and Maude,1971,7.9,62.0,70042,,91
722,Yojimbo,1961,8.2,,109272,,110
723,Patton,1970,7.9,91.0,93015,61.7,172
724,Wild Strawberries,1957,8.2,88.0,94365,,91
725,Paper Moon,1973,8.1,77.0,41698,30.93,102
726,The Quiet Man,1952,7.7,,34154,10.55,129
727,Mysterious Skin,2004,7.6,73.0,65441,0.7,105
728,Neon Genesis Evangelion: The End of Evangelion,1997,8.1,,37448,,87
729,The Secret of NIMH,1982,7.6,76.0,35800,10.14,82
730,Mary and Max,2009,8.1,,162535,,92
731,Sympathy for Mr. Vengeance,2002,7.6,56.0,61767,0.05,129
732,Repulsion,1965,7.7,91.0,48327,,105
733,The Lion in Winter,1968,7.9,,28657,22.28,134
734,The Man from Nowhere,2010,7.8,,61767,0.01,119
735,Pride,2014,7.8,79.0,51085,,119
736,Tangerines,2013,8.2,73.0,38630,0.14,87
737,Diabolique,1955,8.0,,60925,,117
738,The Secret World of Arrietty,2010,7.6,80.0,79027,19.2,94
739,Thank You for Smoking,2005,7.6,71.0,211810,24.79,92
740,Judgment at Nuremberg,1961,8.2,60.0,68340,,179
741,City Lights,1931,8.5,99.0,165013,0.02,87
742,Manhattan,1979,7.9,83.0,130155,45.7,96
743,Good Bye Lenin!,2003,7.7,68.0,136644,4.06,121
744,Open Your Eyes,1997,7.7,,63432,0.37,119
745,"South Park: Bigger, Longer & Uncut",1999,7.7,73.0,190894,52.04,81
746,La Vie En Rose,2007,7.6,66.0,81940,10.3,140
747,The Little Prince,2015,7.7,70.0,55830,1.34,108
748,The Day the Earth Stood Still,1951,7.7,,75741,,92
749,Who's Afraid of Virginia Woolf?,1966,8.0,75.0,68330,,131
750,Watership Down,1978,7.6,64.0,33302,,91
751,Cape Fear,1962,7.7,76.0,26046,,106
752,Children of Heaven,1997,8.3,77.0,63697,0.93,89
753,The Hurricane,1999,7.6,74.0,90675,50.67,146
754,Belle de Jour,1967,7.7,,39605,0.03,100
755,The Philadelphia Story,1940,7.9,96.0,62641,,112
756,Contempt,1963,7.6,,28398,0.04,102
757,Three Colors: Red,1994,8.1,100.0,89076,4.04,99
758,Vikram Vedha,2017,8.5,,25720,,147
759,Andrei Rublev,1966,8.1,,45741,0.1,205
760,Loveless,2017,7.6,86.0,29041,0.57,127
761,Dead Man's Shoes,2004,7.6,52.0,48898,0.01,90
762,Stagecoach,1939,7.8,93.0,42857,,96
763,Delicatessen,1991,7.6,66.0,79691,1.79,99
764,The Muppet Movie,1979,7.6,74.0,32248,76.66,95
765,Fallen Angels,1995,7.7,71.0,25339,,99
766,High and Low,1963,8.4,,32735,,143
767,The 400 Blows,1959,8.1,,103303,,99
768,Ikiru,1952,8.3,,66834,0.06,143
769,Whisper of the Heart,1995,7.9,75.0,50227,,111
770,Underground,1995,8.1,,54584,0.17,167
771,Waking Life,2001,7.8,83.0,60234,2.89,100
772,The Verdict,1982,7.7,77.0,35542,54.0,129
773,Wait Until Dark,1967,7.8,81.0,27423,17.55,108
774,Tokyo Story,1953,8.2,,51652,,136
775,The Legend of 1900,1998,8.1,58.0,58143,0.26,169
776,The Treasure of the Sierra Madre,1948,8.2,98.0,112725,5.01,126
777,Death Note,2006,7.7,,28393,,126
778,The Day of the Jackal,1973,7.8,80.0,36914,16.06,143
779,The Best Years of Our Lives,1946,8.0,93.0,56716,23.65,170
780,3-Iron,2004,8.0,72.0,49409,0.24,88
781,The Big Sleep,1946,7.9,,78032,6.54,114
782,Cat on a Hot Tin Roof,1958,8.0,84.0,44403,17.57,108
783,Hannah and Her Sisters,1986,7.9,90.0,66379,40.08,107
784,Miracle on 34th Street,1947,7.9,88.0,39314,2.65,96
785,Short Cuts,1993,7.7,79.0,41900,6.11,190
786,"Aguirre, the Wrath of God",1972,7.9,,51581,,95
787,The Double Life of Véronique,1991,7.8,86.0,41334,2.0,98
788,Laura,1944,8.0,,42149,4.36,88
789,On Golden Pond,1981,7.6,68.0,27285,119.29,109
790,The Odd Couple,1968,7.7,86.0,31193,44.53,105
791,His Girl Friday,1940,7.9,,52820,0.3,92
792,The Taking of Pelham One Two Three,1974,7.7,68.0,26133,,104
793,Infernal Affairs,2002,8.0,75.0,117027,0.17,101
794,"Spring, Summer, Fall, Winter... and Spring",2003,8.0,85.0,76280,2.38,103
795,Hedwig and the Angry Inch,2001,7.7,85.0,31692,3.03,93
796,Fitzcarraldo,1982,8.1,,30998,,158
797,The White Ribbon,2009,7.8,82.0,67923,2.22,144
798,Talk to Her,2002,7.9,86.0,103631,9.28,112
799,Control,2007,7.7,78.0,61056,0.87,122
800,Philomena,2013,7.6,77.0,93388,37.71,98
801,The African Queen,1951,7.7,91.0,70710,0.54,105
802,The Battle of Algiers,1966,8.1,96.0,52001,0.06,121
803,The Muppet Christmas Carol,1992,7.7,64.0,46689,27.28,85
804,Elite Squad,2007,8.1,33.0,97222,0.01,115
805,When Marnie Was There,2014,7.7,72.0,31568,0.77,103
806,Shadow of a Doubt,1943,7.8,94.0,58653,,108
807,The Long Goodbye,1973,7.6,87.0,25682,0.96,112
808,A Very Long Engagement,2004,7.6,76.0,70476,6.17,133
809,Land of Mine,2015,7.8,75.0,34606,0.44,100
810,Kal ho naa ho,2003,8.0,54.0,62579,1.79,186
811,The Grapes of Wrath,1940,8.0,96.0,85023,0.06,129
812,Gully Boy,2019,8.1,65.0,30642,5.57,153
813,All About My Mother,1999,7.8,87.0,88030,8.26,101
814,The Diving Bell and the Butterfly,2007,8.0,92.0,102520,5.99,112
815,The Kid,1921,8.3,,111036,5.45,68
816,Out of the Past,1947,8.0,,32259,,97
817,Porco Rosso,1992,7.7,83.0,75727,,94
818,The Tale of The Princess Kaguya,2013,8.0,89.0,37380,1.51,137
819,Withnail & I,1987,7.7,84.0,39766,1.54,107
820,"I, Daniel Blake",2016,7.9,78.0,52471,0.26,100
821,All Quiet on the Western Front,1930,8.0,91.0,56766,3.27,152
822,The Salesman,2016,7.8,85.0,49792,2.4,124
823,A Prophet,2009,7.9,90.0,92648,2.08,155
824,The Experiment,2001,7.7,60.0,90324,0.14,120
825,The Adventures of Robin Hood,1938,7.9,97.0,46710,3.98,102
826,Leviathan,2014,7.6,92.0,48627,1.09,140
827,Night on Earth,1991,7.8,68.0,54536,2.02,129
828,The Secret of Kells,2009,7.6,81.0,30783,0.69,75
829,Secrets & Lies,1996,8.0,91.0,36924,13.42,136
830,The Conformist,1970,8.0,100.0,26515,0.54,113
831,The Circus,1928,8.1,90.0,28992,,72
832,Fearless,2006,7.6,70.0,72403,24.63,104
833,Stalag 17,1953,8.0,84.0,50648,,120
834,A Man for All Seasons,1966,7.7,72.0,30846,28.35,120
835,Three Colors: White,1994,7.6,88.0,62863,1.46,92
836,My Name Is Khan,2010,8.0,50.0,97405,4.02,165
837,Evil,2003,7.8,61.0,35332,0.02,113
838,The Lady Vanishes,1938,7.8,,46711,,96
839,Rififi,1955,8.2,97.0,27563,0.06,118
840,The World's Fastest Indian,2005,7.8,68.0,51556,5.13,127
841,The Broken Circle Breakdown,2012,7.8,70.0,38943,0.18,111
842,A Hard Day's Night,1964,7.6,96.0,39845,13.78,87
843,The Sea Inside,2004,8.0,74.0,76836,2.09,126
844,Lagaan: Once Upon a Time in India,2001,8.1,84.0,103588,0.07,224
845,The Motorcycle Diaries,2004,7.8,75.0,95916,16.76,126
846,The Thin Man,1934,8.0,86.0,26033,,91
847,The Wages of Fear,1953,8.1,85.0,53653,,131
848,Mustang,2015,7.6,83.0,35095,0.85,97
849,The Bandit,1996,8.2,,62849,,128
850,Le Samouraï,1967,8.1,,44595,0.04,101
851,The 39 Steps,1935,7.6,93.0,51101,,86
852,Amarcord,1973,7.9,,39298,,123
853,Ninja Scroll,1993,7.9,,34144,,94
854,Head-On,2004,7.9,78.0,50733,,121
855,Sleuth,1972,8.0,,44388,4.08,138
856,Ayla: The Daughter of War,2017,8.4,,32933,,125
857,Crimes and Misdemeanors,1989,7.9,77.0,54031,18.25,104
858,My Father and My Son,2005,8.3,,77273,,112
859,To Have and Have Not,1944,7.8,,30595,,100
860,The Red Shoes,1948,8.1,,30369,10.9,135
861,Gilda,1946,7.7,,27554,,110
862,The Hidden Fortress,1958,8.1,,33976,,126
863,In a Better World,2010,7.6,65.0,38213,1.01,118
864,Wolf Children,2012,8.1,71.0,37929,,117
865,The Station Agent,2003,7.6,81.0,66929,5.74,89
866,Once Upon a Time in Anatolia,2011,7.9,82.0,40565,0.14,157
867,Ace in the Hole,1951,8.1,72.0,31012,3.97,111
868,Ivan's Childhood,1962,8.1,,30859,,84
869,To Be or Not to Be,1942,8.2,86.0,28679,,99
870,The Passion of Joan of Arc,1928,8.1,,46609,0.02,114
871,My Sassy Girl,2001,8.0,,45005,,137
872,Shine,1996,7.7,87.0,50867,35.81,105
873,Throne of Blood,1957,8.1,,45806,,110
874,Zindagi Na Milegi Dobara,2011,8.1,,66542,3.11,155
875,Sweet Smell of Success,1957,8.1,100.0,27607,,96
876,Joint Security Area,2000,7.8,58.0,25982,,110
877,After the Wedding,2006,7.7,78.0,31634,0.41,120
878,"Gato negro, gato blanco",1998,8.1,73.0,50239,0.35,127
879,Persepolis,2007,8.0,90.0,87715,4.45,96
880,Cowboy Bebop: The Movie,2001,7.9,61.0,42381,1.0,115
881,Confessions,2010,7.8,,35236,,106
882,Lilya 4-Ever,2002,7.8,82.0,42228,0.18,109
883,The General,1926,8.1,,79780,1.03,67
884,Kind Hearts and Coronets,1949,8.0,,34056,,106
885,Rang De Basanti,2006,8.2,,110261,2.2,167
886,The Return,2003,8.0,82.0,41811,0.5,110
887,Kagemusha,1980,8.0,84.0,31693,,162
888,L'Avventura,1960,7.9,,26045,,144
889,No Man's Land,2001,7.9,84.0,44231,1.06,98
890,Love Me If You Dare,2003,7.6,45.0,66820,0.55,93
891,Darbareye Elly,2009,8.0,87.0,44560,0.11,119
892,La Strada,1954,8.0,,57560,,108
893,"4 Months, 3 Weeks and 2 Days",2007,7.9,97.0,55963,1.19,113
894,Bhaag Milkha Bhaag,2013,8.2,,60175,1.63,186
895,The Lunchbox,2013,7.8,76.0,49629,4.23,104
896,Raise the Red Lantern,1991,8.1,,29145,2.6,125
897,Chhichhore,2019,8.2,,31388,0.9,143
898,Duck You Sucker,1971,7.6,77.0,29656,0.7,138
899,Cries & Whispers,1972,8.1,,29577,1.74,91
900,Bringing Up Baby,1938,7.9,91.0,54366,,102
901,The Gold Rush,1925,8.2,,99106,5.45,95
902,Hard Boiled,1992,7.8,,46262,,128
903,The Ladykillers,1955,7.7,91.0,25900,,91
904,Adam's Apples,2005,7.8,51.0,44930,0.0,94
905,Joyeux Noel,2005,7.7,70.0,27293,1.05,116
906,Swades,2004,8.2,,82030,1.22,189
907,The Girl Who Leapt Through Time,2006,7.7,,59408,,98
908,Departures,2008,8.1,68.0,48055,1.5,130
909,Bajrangi Bhaijaan,2015,8.0,,70847,8.18,163
910,Veer-Zaara,2004,7.8,67.0,48320,2.92,192
911,Celda 211,2009,7.6,,63308,,113
912,Only Yesterday,1991,7.6,90.0,26165,0.45,118
913,Jules and Jim,1962,7.8,97.0,36962,,105
914,The Chorus,2004,7.9,56.0,56724,3.64,97
915,Uri: The Surgical Strike,2018,8.3,,42179,4.19,138
916,Batman: Mask of the Phantasm,1993,7.8,,43047,5.62,76
917,Battleship Potemkin,1925,8.0,97.0,52375,0.05,66
918,The Discreet Charm of the Bourgeoisie,1972,7.9,93.0,37914,0.2,102
919,Brief Encounter,1945,8.0,92.0,34970,,86
920,Au Revoir les Enfants,1987,8.0,88.0,30781,4.54,104
921,G.O.R.A.,2004,8.0,,55820,,127
922,Talvar,2015,8.2,,30483,0.34,132
923,Duck Soup,1933,7.8,93.0,55118,,69
924,Harvey,1950,7.9,,52212,,104
925,Dil Chahta Hai,2001,8.1,,65976,0.3,183
926,The Exterminating Angel,1962,8.1,,29216,,95
927,The Magdalene Sisters,2002,7.7,83.0,25741,4.89,114
928,Lupin the 3rd: Castle of Cagliostro,1979,7.7,71.0,26347,,102
929,Key Largo,1948,7.8,,36611,,100
930,Vivre Sa Vie,1962,8.0,,27340,,85
931,The Purple Rose of Cairo,1985,7.7,75.0,46577,10.63,82
932,Interstate 60: Episodes of the Road,2002,7.7,,29640,,116
933,Inherit the Wind,1960,8.1,75.0,26953,,128
934,Sunrise,1927,8.1,,46429,0.54,94
935,The Virgin Spring,1960,8.1,,26316,1.53,89
936,Anand,1971,8.4,,29183,,122
937,Vampire Hunter D: Bloodlust,2000,7.7,62.0,28903,0.15,103
938,The Shop Around the Corner,1940,8.1,96.0,27162,0.2,99
939,Tokyo Godfathers,2003,7.8,73.0,30368,0.13,92
940,Down by Law,1986,7.8,75.0,47282,1.44,107
941,Jab We Met,2007,7.9,,46990,0.41,138
942,Badhaai Ho,2018,8.0,,26984,,124
943,Baahubali 2: The Conclusion,2017,8.2,,73615,20.19,167
944,M.S. Dhoni: The Untold Story,2016,7.8,,38575,1.78,184
945,Nights of Cabiria,1957,8.1,,42310,0.75,110
946,Pink,2016,8.1,,38293,1.24,136
947,Hiroshima Mon Amour,1959,7.9,,27863,0.09,90
948,Barfi!,2012,8.1,,74723,2.8,151
949,Haider,2014,8.1,,49832,0.9,160
950,Il Postino,1994,7.7,81.0,33169,21.85,108
951,Lifeboat,1944,7.6,78.0,26161,,97
952,Elite Squad 2: The Enemy Within,2010,8.0,71.0,78629,0.1,115
953,In America,2002,7.7,76.0,40222,15.54,105
954,The Visitor,2007,7.6,79.0,41335,9.42,104
955,The Past,2013,7.8,85.0,44496,1.33,130
956,Fireworks,1997,7.8,,27306,0.23,103
957,Queen,2013,8.2,,60021,1.43,146
958,The Triplets of Belleville,2003,7.8,91.0,50212,7.0,80
959,Sherlock Jr.,1924,8.2,,40718,0.98,45
960,La Grande Illusion,1937,8.1,,33448,0.17,113
961,Sanjuro,1962,8.1,,32205,,96
962,The Lost Weekend,1945,7.9,,33108,9.46,101
963,White Heat,1949,8.1,,29306,,114
964,The Killer,1989,7.8,82.0,45277,,111
965,Knockin' on Heaven's Door,1997,8.0,,27324,0.0,87
966,Love and Death,1975,7.7,89.0,35592,,85
967,A Night at the Opera,1935,7.9,,30221,2.54,96
968,Kahaani,2012,8.1,,57018,1.04,122
969,Tae Guk Gi: The Brotherhood of War,2004,8.1,64.0,37549,1.11,140
970,A Wednesday,2008,8.1,,73165,,104
971,Nine Queens,2000,7.9,80.0,49218,1.22,114
972,Sholay,1975,8.2,,50669,,162
973,Hera Pheri,2000,8.2,,55871,,156
974,Central Station,1998,8.0,80.0,35852,5.6,110
975,The Rules of the Game,1939,8.0,,26366,,110
976,Udaan,2010,8.2,,41896,0.01,134
977,C.R.A.Z.Y.,2005,7.9,81.0,31298,,129
978,Chak De! India,2007,8.2,68.0,73022,1.11,153
979,Baby,2015,8.0,,52202,,159
980,Black,2005,8.2,,33091,0.73,122
981,Zelig,1983,7.7,,39503,11.8,79
982,Paan Singh Tomar,2012,8.2,,32754,0.04,135
983,Kai Po Che,2013,7.7,40.0,31469,1.12,120
984,Le Dîner de Cons,1998,7.7,73.0,36922,4.07,80
985,The Edge of Heaven,2007,7.8,85.0,30535,0.74,122
986,Special 26,2013,8.0,,50253,1.08,144
987,Dev.D,2009,8.0,,28420,0.01,144
988,Airlift,2016,8.0,,52326,,130
989,Udta Punjab,2016,7.8,,26670,,148
990,OMG: Oh My God!,2012,8.1,,50603,0.92,125
991,Rockstar,2011,7.7,,38779,0.99,159
992,Vicky Donor,2012,7.8,,39219,0.17,126
993,Munna Bhai M.B.B.S.,2003,8.1,,72794,,156
994,Lage Raho Munna Bhai,2006,8.1,,42410,2.22,144
995,Vizontele,2001,8.0,,32730,,110
996,The Breath,2009,8.0,,31462,,128
997,Andaz Apna Apna,1994,8.2,,48743,,160
998,Drishyam,2013,8.3,,30140,,160
999,English Vinglish,2012,7.8,,33093,1.67,134
